Bill,Fluty,glayer1@gmail.com,Designer,doug Fluty
Eric,Fluty,glayer2@gmail.com,Designer,Bill Fluty
Richard,Fluty,glayer3@gmail.com,Designer,Eric Fluty
Ted,Fluty,glayer4@gmail.com,Designer,Eric Fluty
Zeke,Fluty,glayer5@gmail.com,Designer,doug Fluty
Mark,Fluty,glayer6@gmail.com,Designer,doug Fluty
doug,Fluty,glayer7@gmail.com,runner,sandy Fluty
sandy,Fluty,glayer8@gmail.com,banker,Gregory Layer
tom,Fluty,glayer9@gmail.com,Designer,Gregory Layer
sarah,Fluty,glayer0a@gmail.com,designer,sandy Fluty
Bill1,Fluty,glayers@gmail.com,Designer,doug Fluty
Eric1,Fluty,glayerd@gmail.com,Designer,Bill Fluty
Richard1,Fluty,glayerf@gmail.com,Designer,Eric Fluty
Ted1,Fluty,glayerq@gmail.com,Designer,Eric Fluty
Zeke1,Fluty,glayerw@gmail.com,Designer,doug Fluty
Mark1,Fluty,glayere@gmail.com,Designer,doug Fluty
doug1,Fluty,glayerr@gmail.com,runner,sandy Fluty
sandy1,Fluty,glayerz@gmail.com,banker,Gregory Layer
tom1,Fluty,glayerx@gmail.com,Designer,Gregory Layer
sarah1,Fluty,glayerx@gmail.com,designer,sandy Fluty
Bill2,Fluty,glayerc@gmail.com,Designer,doug1 Fluty
Eric2,Fluty,glayerv@gmail.com,Designer,Bill1 Fluty
Richard2,Fluty,glayeru@gmail.com,Designer,Eric1 Fluty
Ted2,Fluty,glayerui@gmail.com,Designer,Eric1 Fluty
Zeke2,Fluty,glayeri@gmail.com,Designer,doug1 Fluty
Mark2,Fluty,glayero@gmail.com,Designer,doug1 Fluty
doug2,Fluty,glayerp@gmail.com,runner,sandy1 Fluty
sandy2,Fluty,glayerm@gmail.com,banker,Billx Fluty
tom2,Fluty,glayern@gmail.com,Designer,Bill1 Fluty
sarah2,Fluty,glayerb@gmail.com,designer,sandy Fluty
Bill3,Fluty,glayerv@gmail.com,Designer,doug2 Fluty
Eric3,Fluty,glayepr@gmail.com,Designer,Bill2 Fluty
Richard3,Fluty,glapyer@gmail.com,Designer,Eric2 Fluty
Ted3,Fluty,glayeor@gmail.com,Designer,Eric2 Fluty
Zeke3,Fluty,gliayer@gmail.com,Designer,doug2 Fluty
Mark3,Fluty,gliuayer@gmail.com,Designer,doug2 Fluty
doug3,Fluty,gluiopayer@gmail.com,runner,sandy2 Fluty
sandy3,Fluty,glertyayer@gmail.com,banker,Eric2 Fluty
tom3,Fluty,glayter@gmail.com,Designer,doug1 Fluty
sarah3,Fluty,grylayer@gmail.com,designer,sandy Fluty
Bill4,Fluty,glfghayer@gmail.com,Designer,doug Fluty
Eric4,Fluty,gldfayer@gmail.com,Designer,Bill Fluty
Richard4,Fluty,gllkjayer@gmail.com,Designer,Eric Fluty
Ted4,Fluty,ghjklayer@gmail.com,Designer,Eric Fluty
Zeke4,Fluty,glkhjayer@gmail.com,Designer,doug Fluty
Mark4,Fluty,glweayer@gmail.com,Designer,doug Fluty
doug4,Fluty,glertayer@gmail.com,runner,sandy Fluty
sandy4,Fluty,glayrter@gmail.com,banker,Gregory Layer
tom4,Fluty,glayweer@gmail.com,Designer,Gregory Layer
sarah4,Fluty,glaayer@gmail.com,Designer,doug Fluty
